ID,price
7000,177.07507
7001,157.5962
7002,90.00993
7003,135.47012
7004,131.59673
7005,157.98639
7006,138.02275
7007,169.36209
7008,87.37177
7009,314.44925
7010,200.3063
7011,225.82874
7012,128.1504
7013,337.03976
7014,179.46254
7015,193.80515
7016,163.39076
7017,121.73717
7018,262.8996
7019,420.04465
7020,381.36124
7021,548.26807
7022,231.85614
7023,190.79677
7024,219.57271
7025,163.11029
7026,250.6191
7027,166.88826
7028,231.69354
7029,266.52484
7030,70.09135
7031,227.5305
7032,55.379787
7033,92.25266
7034,69.09412
7035,134.81505
7036,217.35303
7037,338.12598
7038,187.19653
7039,256.81943
7040,573.7931
7041,200.52327
7042,148.2698
7043,194.7163
7044,75.648026
7045,358.25253
7046,82.46302
7047,196.23703
7048,139.87227
7049,83.16248
7050,181.07196
7051,432.7233
7052,160.12616
7053,163.27792
7054,389.22534
7055,153.29628
7056,159.72736
7057,137.89354
7058,129.55563
7059,333.2036
7060,404.92807
7061,224.00475
7062,106.945946
7063,232.77655
7064,106.751816
7065,81.632805
7066,186.93745
7067,121.300995
7068,51.996925
7069,49.83461
7070,130.12788
7071,204.01965
7072,78.304985
7073,648.62213
7074,177.51912
7075,229.32883
7076,200.37898
7077,138.1209
7078,73.81698
7079,96.73219
7080,198.2922
7081,204.2551
7082,110.228325
7083,167.29488
7084,74.39511
7085,200.64775
7086,300.839
7087,146.65962
7088,127.66861
7089,366.83685
7090,383.40067
7091,174.08504
7092,235.97917
7093,163.01234
7094,151.03798
7095,435.7629
7096,191.96207
7097,448.15604
7098,373.4231
7099,167.681
7100,341.2638
7101,179.92523
7102,132.81168
7103,167.21553
7104,191.15736
7105,149.5642
7106,210.11694
7107,220.42618
7108,146.58127
7109,220.5507
7110,123.52248
7111,197.89548
7112,279.78625
7113,288.8399
7114,179.32362
7115,281.4944
7116,422.8139
7117,171.82349
7118,340.01105
7119,236.65578
7120,209.54321
7121,876.0614
7122,306.48212
7123,241.37338
7124,236.93028
7125,75.318085
7126,157.14485
7127,273.36087
7128,213.7723
7129,282.24472
7130,100.51324
7131,91.25686
7132,490.221
7133,452.7964
7134,220.45659
7135,76.32905
7136,200.8901
7137,244.13536
7138,109.758446
7139,161.39554
7140,72.97041
7141,169.66838
7142,436.93326
7143,166.04141
7144,64.90258
7145,459.24994
7146,248.97237
7147,156.59322
7148,61.195515
7149,549.62146
7150,414.7294
7151,163.73721
7152,342.783
7153,160.97282
7154,210.57457
7155,182.29506
7156,174.886
7157,593.5813
7158,166.15312
7159,151.55722
7160,140.08046
7161,123.0941
7162,135.29129
7163,53.475277
7164,256.185
7165,628.03845
7166,124.09488
7167,273.3322
7168,294.3653
7169,351.58847
7170,146.44481
7171,143.87863
7172,82.78401
7173,60.45805
7174,217.61848
7175,283.8284
7176,578.2648
7177,308.52142
7178,126.95191
7179,256.0614
7180,248.37068
7181,221.90016
7182,260.58432
7183,323.47174
7184,57.467075
7185,201.24333
7186,489.30252
7187,150.69458
7188,564.26605
7189,267.16318
7190,63.124634
7191,54.57368
7192,241.13797
7193,151.67532
7194,271.49707
7195,161.25938
7196,64.32571
7197,162.12437
7198,397.55212
7199,180.6952
7200,110.23511
7201,134.50938
7202,263.7053
7203,257.08844
7204,150.17842
7205,138.55176
7206,142.25903
7207,301.16342
7208,166.65994
7209,154.1416
7210,606.6455
7211,198.72145
7212,278.542
7213,474.28186
7214,197.81346
7215,145.68927
7216,261.41098
7217,137.35243
7218,172.58986
7219,224.56625
7220,124.32665
7221,220.3204
7222,343.96185
7223,182.24586
7224,194.73795
7225,189.61707
7226,253.31151
7227,172.41339
7228,85.10216
7229,360.454
7230,159.96405
7231,242.9967
7232,143.57063
7233,80.27672
7234,84.5219
7235,80.28272
7236,176.84468
7237,492.1676
7238,325.5121
7239,96.64593
7240,198.67973
7241,174.91376
7242,188.04756
7243,223.47707
7244,277.76263
7245,143.2516
7246,180.71582
7247,519.1313
7248,155.93556
7249,90.347496
7250,266.67923
7251,174.57101
7252,342.93433
7253,230.56573
7254,173.49785
7255,164.55374
7256,434.14374
7257,251.18942
7258,198.05914
7259,240.88939
7260,290.41794
7261,102.96848
7262,145.56734
7263,118.92999
7264,136.95067
7265,134.35156
7266,137.15552
7267,299.25406
7268,304.08142
7269,143.90025
7270,111.53939
7271,327.03314
7272,296.40137
7273,244.28246
7274,154.3754
7275,336.81866
7276,264.3608
7277,183.38777
7278,197.57253
7279,199.0292
7280,266.39487
7281,100.6795
7282,88.88931
7283,221.99765
7284,185.26048
7285,176.06021
7286,168.24199
7287,576.69745
7288,308.50858
7289,216.4613
7290,228.66444
7291,169.17097
7292,139.79027
7293,125.42276
7294,676.5331
7295,385.94165
7296,267.06537
7297,213.10152
7298,131.21173
7299,319.23615
7300,185.65942
7301,74.54665
7302,68.58682
7303,80.09484
7304,195.92503
7305,110.632034
7306,264.82953
7307,226.18877
7308,81.209724
7309,134.15504
7310,207.84668
7311,230.67706
7312,182.26195
7313,526.7209
7314,454.9815
7315,220.23769
7316,171.64377
7317,170.05603
7318,145.94942
7319,390.1503
7320,156.33995
7321,214.94554
7322,610.9344
7323,286.68585
7324,146.5489
7325,198.19179
7326,303.13266
7327,397.06552
7328,62.620335
7329,214.85329
7330,190.077
7331,82.64207
7332,393.2909
7333,320.67368
7334,257.1948
7335,288.524
7336,150.7817
7337,615.6459
7338,205.68794
7339,153.70287
7340,235.25945
7341,223.27185
7342,236.9607
7343,267.43298
7344,200.66948
7345,257.87836
7346,306.84256
7347,179.09523
7348,148.03383
7349,178.63705
7350,121.69194
7351,70.93322
7352,253.30714
7353,237.70656
7354,114.55783
7355,151.32744
7356,146.33264
7357,318.82047
7358,280.84653
7359,368.22052
7360,276.19415
7361,324.23074
7362,228.9146
7363,197.45306
7364,163.2007
7365,229.95868
7366,222.4138
7367,245.3014
7368,296.89957
7369,139.93355
7370,155.20331
7371,185.29086
7372,146.21776
7373,209.07669
7374,195.47125
7375,98.575905
7376,243.95938
7377,529.2122
7378,161.30048
7379,175.32106
7380,317.1472
7381,146.81891
7382,193.85327
7383,391.58704
7384,221.92717
7385,244.61684
7386,228.85101
7387,340.55884
7388,402.87918
7389,166.67441
7390,472.0268
7391,61.146214
7392,199.89043
7393,531.6682
7394,438.8981
7395,274.34854
7396,228.20297
7397,247.79202
7398,213.17973
7399,156.08334
7400,353.2128
7401,138.84572
7402,65.60147
7403,544.10223
7404,53.445152
7405,146.65575
7406,166.89403
7407,94.884575
7408,222.08177
7409,155.32379
7410,79.788895
7411,187.48509
7412,196.02318
7413,194.88818
7414,145.76714
7415,197.15285
7416,106.69588
7417,158.2401
7418,423.63235
7419,160.35635
7420,118.01099
7421,173.7299
7422,309.3295
7423,208.53076
7424,218.05644
7425,211.71077
7426,198.24594
7427,183.90945
7428,160.53719
7429,66.704636
7430,216.01465
7431,63.48317
7432,303.8275
7433,162.56601
7434,162.51033
7435,182.59877
7436,68.14627
7437,143.57043
7438,174.30833
7439,69.9551
7440,58.291706
7441,117.36727
7442,100.82539
7443,147.42448
7444,172.06479
7445,116.01247
7446,236.38622
7447,295.69882
7448,364.53165
7449,61.50546
7450,511.25714
7451,116.21026
7452,146.58199
7453,200.72229
7454,216.02426
7455,114.704384
7456,138.58704
7457,103.997635
7458,155.2168
7459,281.78372
7460,168.58904
7461,167.03467
7462,136.42438
7463,254.55861
7464,230.40845
7465,220.0581
7466,242.27989
7467,208.65298
7468,206.92923
7469,552.8123
7470,150.28847
7471,587.0057
7472,265.692
7473,201.37444
7474,422.9821
7475,259.4702
7476,119.472084
7477,64.8483
7478,154.65192
7479,197.22362
7480,253.24373
7481,159.85747
7482,222.2826
7483,136.9731
7484,122.940285
7485,54.67978
7486,86.44748
7487,276.03415
7488,114.08487
7489,159.63167
7490,264.1335
7491,234.95006
7492,157.12448
7493,318.26706
7494,437.84613
7495,66.66662
7496,434.6761
7497,314.53952
7498,118.51513
7499,374.96347
7500,186.69485
7501,409.24915
7502,137.98012
7503,107.639084
7504,263.21866
7505,711.80347
7506,124.56814
7507,199.90758
7508,151.89111
7509,115.71712
7510,143.24562
7511,164.84457
7512,106.852356
7513,177.22577
7514,142.52994
7515,204.57832
7516,161.84715
7517,330.22165
7518,116.220436
7519,120.75084
7520,248.48557
7521,154.08656
7522,347.63245
7523,117.87345
7524,141.15625
7525,161.37285
7526,242.60411
7527,249.86423
7528,185.73029
7529,88.10779
7530,171.51375
7531,266.0962
7532,271.55762
7533,150.56314
7534,222.15753
7535,169.64209
7536,290.22888
7537,298.28876
7538,278.5456
7539,81.82235
7540,76.882385
7541,224.81538
7542,512.73584
7543,192.77586
7544,248.52364
7545,424.7921
7546,296.30426
7547,146.59796
7548,111.50441
7549,186.58006
7550,91.30588
7551,243.39995
7552,265.98093
7553,154.22078
7554,140.34859
7555,146.58318
7556,163.53027
7557,156.58089
7558,120.7545
7559,262.32288
7560,190.57193
7561,258.12625
7562,118.24616
7563,146.83208
7564,212.70384
7565,234.94331
7566,138.28159
7567,122.67828
7568,314.09732
7569,284.21072
7570,139.34741
7571,133.72954
7572,146.69334
7573,226.895
7574,248.01088
7575,134.93724
7576,237.61392
7577,83.26412
7578,71.33073
7579,162.19159
7580,136.1153
7581,222.27727
7582,250.7283
7583,324.07306
7584,324.30923
7585,229.64249
7586,146.43877
7587,145.2607
7588,179.2681
7589,269.4345
7590,142.79594
7591,116.58325
7592,167.92955
7593,208.71208
7594,201.64326
7595,115.86442
7596,99.40662
7597,281.5927
7598,219.98265
7599,166.39352
7600,199.73846
7601,347.59204
7602,150.99246
7603,240.97949
7604,265.64645
7605,271.14594
7606,172.3909
7607,307.94504
7608,293.03537
7609,223.17755
7610,148.45776
7611,166.62949
7612,695.3356
7613,197.89397
7614,113.21481
7615,252.76482
7616,359.71674
7617,213.49759
7618,98.96334
7619,133.86368
7620,150.96434
7621,187.53174
7622,465.98447
7623,74.98891
7624,191.5411
7625,62.5723
7626,150.24966
7627,142.96725
7628,152.117
7629,339.42276
7630,204.12604
7631,115.366356
7632,125.06741
7633,216.18597
7634,125.194496
7635,175.8803
7636,182.05994
7637,374.42514
7638,116.31616
7639,108.39836
7640,379.97174
7641,350.7636
7642,111.03577
7643,204.37492
7644,160.97923
7645,243.04301
7646,213.25615
7647,91.08208
7648,165.05
7649,414.26498
7650,74.64016
7651,70.560425
7652,253.8855
7653,458.53195
7654,119.34514
7655,178.38232
7656,511.13794
7657,156.38347
7658,226.70122
7659,117.25896
7660,142.69649
7661,128.07861
7662,90.48864
7663,330.75323
7664,203.08981
7665,241.16106
7666,100.98011
7667,143.13321
7668,126.69975
7669,155.81221
7670,178.33759
7671,82.29917
7672,191.38437
7673,185.3057
7674,248.16612
7675,152.97348
7676,206.93666
7677,175.03442
7678,542.17316
7679,478.87506
7680,329.22607
7681,326.44897
7682,219.29416
7683,168.51715
7684,234.03555
7685,73.23142
7686,175.93758
7687,72.39796
7688,81.5616
7689,153.41624
7690,102.185616
7691,185.88225
7692,235.65024
7693,258.43903
7694,253.24167
7695,170.48756
7696,391.39297
7697,479.66632
7698,330.2867
7699,238.59615
7700,252.29625
7701,91.50041
7702,199.11763
7703,202.85191
7704,111.46343
7705,149.35333
7706,266.62833
7707,243.68015
7708,160.92958
7709,112.55615
7710,497.83743
7711,154.07635
7712,258.02606
7713,83.72722
7714,314.78757
7715,223.30276
7716,323.46725
7717,219.78842
7718,223.0772
7719,75.974075
7720,138.44753
7721,143.54851
7722,142.9672
7723,491.9654
7724,193.95328
7725,1002.5469
7726,191.66243
7727,174.19962
7728,325.20923
7729,157.94318
7730,180.78949
7731,241.71387
7732,255.2687
7733,177.02277
7734,204.97229
7735,449.84906
7736,139.47395
7737,176.54439
7738,199.12279
7739,182.8972
7740,238.39949
7741,146.81517
7742,396.19238
7743,335.53116
7744,267.867
7745,272.38364
7746,67.315475
7747,397.9242
7748,308.84363
7749,299.42804
7750,198.80623
7751,180.96407
7752,89.67864
7753,154.97742
7754,264.94757
7755,258.83768
7756,165.90456
7757,194.45433
7758,203.62479
7759,363.7219
7760,507.83066
7761,173.43088
7762,324.66202
7763,631.4847
7764,248.14912
7765,103.41129
7766,282.04788
7767,183.26912
7768,158.82715
7769,72.809074
7770,231.91911
7771,466.31192
7772,193.20656
7773,190.53767
7774,227.69435
7775,290.69376
7776,199.23514
7777,291.397
7778,44.984253
7779,399.4025
7780,328.1219
7781,256.4488
7782,134.43007
7783,139.19618
7784,243.269
7785,104.56416
7786,265.55875
7787,206.6514
7788,328.0199
7789,558.26154
7790,178.9789
7791,117.89239
7792,175.30492
7793,362.25717
7794,248.19725
7795,133.44324
7796,133.27245
7797,128.12553
7798,162.29497
7799,243.87016
7800,351.43738
7801,282.97107
7802,189.60526
7803,127.50264
7804,201.74359
7805,157.67404
7806,164.26411
7807,395.16888
7808,83.44706
7809,75.62603
7810,187.51422
7811,66.87955
7812,165.16754
7813,293.58762
7814,315.28156
7815,138.1889
7816,171.40323
7817,522.38947
7818,98.2713
7819,110.268906
7820,409.8907
7821,220.56148
7822,157.48032
7823,317.47775
7824,205.56577
7825,149.69377
7826,77.43101
7827,103.88384
7828,77.09346
7829,177.07303
7830,210.84634
7831,112.68618
7832,405.81226
7833,221.22636
7834,188.58406
7835,255.58087
7836,150.56784
7837,89.68647
7838,195.63002
7839,304.36508
7840,111.83945
7841,337.67447
7842,300.10513
7843,367.76376
7844,130.08974
7845,192.61092
7846,346.05988
7847,431.5151
7848,252.3634
7849,314.28925
7850,190.28767
7851,60.695557
7852,160.28958
7853,284.97128
7854,392.95184
7855,189.96297
7856,149.8828
7857,227.7995
7858,92.123
7859,188.78957
7860,317.43753
7861,436.01083
7862,183.68959
7863,65.14405
7864,176.91669
7865,316.19635
7866,128.17744
7867,104.83593
7868,144.366
7869,243.83806
7870,138.80219
7871,554.4507
7872,181.55008
7873,213.03221
7874,167.70296
7875,224.2379
7876,170.7794
7877,213.19762
7878,483.13394
7879,301.43384
7880,173.53596
7881,717.50543
7882,346.818
7883,229.76625
7884,198.59149
7885,286.2976
7886,227.36298
7887,164.48097
7888,62.304073
7889,443.93134
7890,192.46547
7891,137.68309
7892,263.0408
7893,285.65802
7894,178.23842
7895,199.31201
7896,210.66821
7897,287.02652
7898,174.7134
7899,281.9453
7900,297.31094
7901,254.21873
7902,85.12322
7903,63.592506
7904,177.3954
7905,98.40872
7906,157.8677
7907,194.771
7908,228.83556
7909,51.48849
7910,171.31274
7911,364.1566
7912,150.91884
7913,305.034
7914,434.2608
7915,554.87415
7916,525.55383
7917,166.84288
7918,161.81532
7919,152.8479
7920,118.573555
7921,161.98216
7922,72.19308
7923,174.04237
7924,202.08069
7925,354.7499
7926,302.24136
7927,147.80992
7928,256.64246
7929,341.05594
7930,480.4492
7931,496.87265
7932,419.7657
7933,120.336334
7934,167.91522
7935,157.69176
7936,152.55533
7937,97.343475
7938,219.74821
7939,134.93147
7940,106.45781
7941,285.57178
7942,159.04526
7943,75.46896
7944,86.32818
7945,151.23413
7946,131.10661
7947,526.65424
7948,217.44208
7949,53.336575
7950,418.91364
7951,252.73264
7952,179.73459
7953,186.906
7954,339.42294
7955,294.96954
7956,118.62899
7957,398.7672
7958,364.1775
7959,527.0665
7960,92.61443
7961,219.21413
7962,723.6485
7963,173.60881
7964,350.7881
7965,453.19492
7966,345.5897
7967,190.69418
7968,255.00842
7969,140.28369
7970,82.857475
7971,164.06068
7972,261.95837
7973,53.84886
7974,114.07285
7975,384.87003
7976,159.03
7977,146.3888
7978,104.20963
7979,160.96054
7980,190.14316
7981,134.93918
7982,225.04518
7983,149.16762
7984,157.31929
7985,123.45125
7986,66.13888
7987,260.4519
7988,150.99065
7989,134.25233
7990,230.17519
7991,153.0727
7992,55.576653
7993,138.72221
7994,183.43509
7995,110.24567
7996,335.5052
7997,340.6072
7998,60.63231
7999,174.97115
8000,170.15924
8001,209.5641
8002,204.62029
8003,53.471783
8004,878.3097
8005,205.84016
8006,240.81824
8007,145.94312
8008,270.65793
8009,233.8776
8010,650.86993
8011,260.00583
8012,166.94127
8013,70.87915
8014,168.44958
8015,95.30536
8016,70.57728
8017,319.46466
8018,136.71465
8019,226.3793
8020,638.2177
8021,186.96283
8022,205.7668
8023,405.30743
8024,266.3792
8025,230.24365
8026,193.69492
8027,200.96935
8028,269.762
8029,178.00473
8030,230.23637
8031,221.78148
8032,283.80954
8033,109.25028
8034,257.97702
8035,312.3259
8036,227.50206
8037,133.39127
8038,128.49802
8039,292.48306
8040,206.91554
8041,380.86127
8042,153.69019
8043,224.49593
8044,200.80869
8045,124.80265
8046,237.904
8047,249.0067
8048,281.94073
8049,349.19293
8050,211.64415
8051,382.0222
8052,232.8469
8053,385.60873
8054,270.17117
8055,232.89407
8056,214.82376
8057,325.17422
8058,217.1607
8059,202.47977
8060,329.33096
8061,208.488
8062,309.52148
8063,201.14384
8064,156.10687
8065,138.03978
8066,301.27222
8067,96.13885
8068,262.88095
8069,804.57166
8070,179.80751
8071,42.695976
8072,221.4067
8073,447.60233
8074,155.15393
8075,156.56601
8076,214.91238
8077,236.74225
8078,170.97849
8079,180.78923
8080,84.31893
8081,63.49707
8082,130.49141
8083,280.04437
8084,141.39282
8085,140.12984
8086,132.22588
8087,194.58243
8088,126.777176
8089,152.75844
8090,396.84464
8091,64.25709
8092,831.5446
8093,156.56226
8094,138.3178
8095,192.2547
8096,559.93317
8097,210.52766
8098,404.91336
8099,228.86888
8100,142.05711
8101,207.20157
8102,272.75476
8103,187.58066
8104,247.81279
8105,234.50505
8106,56.91653
8107,321.99152
8108,177.99509
8109,270.04153
8110,207.42914
8111,85.62838
8112,306.6948
8113,171.54929
8114,137.5065
8115,353.9256
8116,83.82476
8117,96.51681
8118,282.56122
8119,76.713005
8120,297.18906
8121,131.17209
8122,223.36374
8123,311.46442
8124,92.408165
8125,219.45567
8126,140.99245
8127,183.88222
8128,179.77855
8129,82.68794
8130,215.26952
8131,153.5997
8132,59.65087
8133,173.66077
8134,204.62254
8135,216.57654
8136,245.23764
8137,322.6273
8138,111.879326
8139,213.51038
8140,402.03232
8141,425.4763
8142,151.82275
8143,71.47186
8144,141.66753
8145,251.9724
8146,298.72906
8147,175.02116
8148,106.58845
8149,355.03653
8150,241.93561
8151,213.58792
8152,362.04886
8153,268.0609
8154,103.231964
8155,261.8087
8156,287.94818
8157,89.8635
8158,197.97525
8159,257.39185
8160,148.79944
8161,777.88666
8162,318.81238
8163,293.22653
8164,136.6007
8165,204.0303
8166,434.802
8167,453.36258
8168,219.6352
8169,339.11157
8170,245.24739
8171,212.37688
8172,249.0365
8173,299.95612
8174,290.14597
8175,205.78691
8176,344.51978
8177,82.490524
8178,235.71016
8179,135.91962
8180,158.90985
8181,273.54108
8182,198.74716
8183,140.46814
8184,205.28426
8185,234.51752
8186,539.18005
8187,145.39041
8188,258.32785
8189,442.42438
8190,549.35004
8191,224.62563
8192,80.21504
8193,221.79124
8194,225.48743
8195,288.65228
8196,237.86095
8197,251.96298
8198,270.7271
8199,233.57964
8200,225.81532
8201,392.2653
8202,256.82828
8203,173.31755
8204,484.46155
8205,161.59839
8206,270.16653
8207,204.0612
8208,87.58669
8209,160.95668
8210,205.71889
8211,126.719
8212,249.02744
8213,589.2801
8214,424.27307
8215,217.4954
8216,250.8031
8217,164.82678
8218,171.16301
8219,248.75815
8220,143.92113
8221,241.33191
8222,231.37286
8223,335.45416
8224,138.32045
8225,151.73999
8226,70.70665
8227,485.12637
8228,279.87262
8229,196.71849
8230,292.50546
8231,124.951385
8232,416.52213
8233,179.68306
8234,207.33624
8235,408.82095
8236,331.682
8237,200.12076
8238,226.76419
8239,335.80792
8240,184.5491
8241,143.06003
8242,171.45511
8243,278.48773
8244,276.33008
8245,444.19107
8246,283.95068
8247,285.98392
8248,276.4499
8249,265.86575
8250,279.52155
8251,81.54498
8252,154.31561
8253,296.8727
8254,194.42395
8255,228.01321
8256,186.33997
8257,201.46179
8258,233.71368
8259,239.01729
8260,146.72083
8261,296.2691
8262,177.2936
8263,191.27312
8264,360.87875
8265,106.24864
8266,178.01634
8267,417.31766
8268,53.717464
8269,168.30034
8270,139.46217
8271,343.5034
8272,93.58028
8273,273.20352
8274,182.76054
8275,169.72519
8276,143.36928
8277,157.63782
8278,124.75353
8279,96.14695
8280,340.12018
8281,368.87906
8282,128.8631
8283,156.7617
8284,160.43462
8285,150.75304
8286,131.10265
8287,206.1018
8288,86.36583
8289,372.20956
8290,201.26137
8291,179.71416
8292,1099.3239
8293,134.39545
8294,179.50842
8295,253.83385
8296,180.78534
8297,345.2339
8298,97.10423
8299,70.17873
8300,199.50055
8301,183.59117
8302,145.74902
8303,168.63391
8304,177.64626
8305,98.37877
8306,323.1963
8307,113.3396
8308,260.2272
8309,260.5185
8310,192.94559
8311,102.85036
8312,101.66925
8313,79.69784
8314,283.57605
8315,168.80751
8316,262.4776
8317,470.70596
8318,261.68893
8319,208.37805
8320,391.46182
8321,212.63538
8322,229.4389
8323,391.77728
8324,304.92618
8325,96.38948
8326,292.61365
8327,186.45532
8328,77.28103
8329,254.95338
8330,314.18372
8331,89.71757
8332,64.64421
8333,185.28554
8334,160.39691
8335,139.77751
8336,245.8273
8337,569.0968
8338,74.67385
8339,71.02813
8340,97.49017
8341,232.8333
8342,261.86523
8343,177.82465
8344,203.79091
8345,282.21448
8346,53.30702
8347,181.87802
8348,165.23
8349,213.28986
8350,418.68225
8351,104.68716
8352,82.33092
8353,257.31387
8354,359.94644
8355,207.20227
8356,1044.9353
8357,76.25235
8358,72.25719
8359,74.33614
8360,81.22968
8361,143.63173
8362,90.12662
8363,212.8439
8364,406.3587
8365,346.74402
8366,696.0548
8367,504.54422
8368,80.2702
8369,261.14224
8370,200.85025
8371,258.2863
8372,78.03036
8373,124.93001
8374,219.65518
8375,141.14032
8376,165.83429
8377,166.48303
8378,208.4131
8379,190.75179
8380,297.09265
8381,49.232872
8382,236.62733
8383,402.77673
8384,150.83838
8385,163.25975
8386,761.7301
8387,101.360115
8388,118.89843
8389,180.62799
8390,164.95335
8391,134.13913
8392,66.79726
8393,63.392677
8394,651.3404
8395,333.78308
8396,335.19034
8397,290.35666
8398,311.89413
8399,139.02455
8400,78.88881
8401,146.92685
8402,363.4811
8403,143.8883
8404,245.86086
8405,244.91321
8406,155.62068
8407,317.34006
8408,74.90355
8409,152.02977
8410,435.95935
8411,73.60565
8412,57.89471
8413,227.2035
8414,212.86531
8415,87.31423
8416,306.54385
8417,497.99493
8418,213.26707
8419,125.42427
8420,177.63902
8421,274.15637
8422,315.55826
8423,256.7404
8424,149.27765
8425,143.1708
8426,439.8201
8427,161.19093
8428,71.87714
8429,156.70786
8430,175.86604
8431,121.945526
8432,138.12944
8433,261.7433
8434,293.8106
8435,118.58417
8436,90.364525
8437,111.14278
8438,113.013695
8439,357.07724
8440,160.90965
8441,882.2729
8442,294.05954
8443,477.64697
8444,311.56918
8445,537.655
8446,399.38205
8447,319.81235
8448,267.6417
8449,234.76326
8450,210.37431
8451,219.14032
8452,142.94818
8453,206.21954
8454,100.73954
8455,152.61194
8456,343.14563
8457,194.32213
8458,167.93994
8459,226.52322
8460,138.60733
8461,138.06146
8462,464.00443
8463,485.5612
8464,68.56904
8465,295.8702
8466,196.6626
8467,287.74847
8468,276.0665
8469,261.48657
8470,125.85809
8471,71.59004
8472,353.51947
8473,235.49164
8474,372.32883
8475,171.89084
8476,128.68779
8477,145.52457
8478,215.5692
8479,134.22447
8480,78.61948
8481,48.147312
8482,177.16646
8483,245.05643
8484,75.988754
8485,204.99979
8486,66.63871
8487,164.14722
8488,289.6882
8489,129.52533
8490,112.400635
8491,234.32489
8492,250.29224
8493,250.03679
8494,193.9304
8495,151.4203
8496,234.06392
8497,82.40915
8498,127.42404
8499,439.8653
8500,131.40144
8501,176.06662
8502,63.338264
8503,189.5133
8504,175.6496
8505,196.58975
8506,126.11574
8507,383.45914
8508,124.71696
8509,286.4611
8510,173.12889
8511,126.72893
8512,239.78246
8513,88.29413
8514,311.0264
8515,231.6871
8516,299.26837
8517,192.0773
8518,271.76526
8519,281.42758
8520,66.25474
8521,271.88132
8522,179.85658
8523,243.33038
8524,86.66767
8525,123.60736
8526,260.18747
8527,513.95233
8528,261.1561
8529,112.432816
8530,113.542816
8531,354.1323
8532,137.97688
8533,93.51243
8534,135.95364
8535,194.85158
8536,165.24077
8537,132.58203
8538,228.85803
8539,49.21636
8540,173.85802
8541,193.38379
8542,340.0556
8543,386.98495
8544,205.10089
8545,254.8743
8546,209.79456
8547,177.2432
8548,57.98476
8549,94.25315
8550,261.8681
8551,280.93604
8552,348.38934
8553,484.584
8554,186.64635
8555,221.38156
8556,395.13696
8557,231.7377
8558,145.4904
8559,343.86005
8560,440.51956
8561,419.37503
8562,95.51642
8563,148.16023
8564,308.12775
8565,56.781754
8566,437.6315
8567,247.42453
8568,235.54216
8569,191.2326
8570,598.7526
8571,314.92252
8572,183.29996
8573,134.78047
8574,166.90668
8575,63.43814
8576,643.43427
8577,165.52289
8578,315.2897
8579,67.62309
8580,664.4893
8581,280.4404
8582,152.43149
8583,222.7205
8584,157.35085
8585,207.77579
8586,250.22467
8587,277.64688
8588,210.1982
8589,177.83401
8590,68.65282
8591,234.36215
8592,241.00003
8593,377.41006
8594,331.49057
8595,335.3021
8596,193.07066
8597,471.00342
8598,259.81635
8599,238.7677
8600,131.55159
8601,264.7085
8602,170.00105
8603,72.079315
8604,151.3679
8605,189.88257
8606,214.71089
8607,276.60965
8608,328.44254
8609,146.06123
8610,245.04364
8611,149.5756
8612,66.77899
8613,218.30696
8614,236.4118
8615,276.65942
8616,203.45575
8617,359.15936
8618,64.63805
8619,318.55096
8620,238.03699
8621,622.84717
8622,172.28932
8623,137.2797
8624,276.39474
8625,296.92456
8626,228.83293
8627,355.1019
8628,127.64082
8629,128.4456
8630,145.83609
8631,79.22432
8632,172.27733
8633,327.59125
8634,170.11166
8635,356.57834
8636,292.26495
8637,136.78262
8638,162.01846
8639,447.3021
8640,210.54048
8641,322.39172
8642,225.74721
8643,415.05362
8644,243.9643
8645,430.8466
8646,207.69775
8647,537.77246
8648,59.4296
8649,95.54528
8650,179.71994
8651,154.69801
8652,156.12297
8653,164.96751
8654,133.71295
8655,312.21164
8656,209.08922
8657,83.75712
8658,70.218414
8659,220.40115
8660,159.3655
8661,192.439
8662,86.93247
8663,229.06583
8664,526.84247
8665,200.10406
8666,213.88518
8667,105.25679
8668,179.83984
8669,154.35532
8670,91.99813
8671,244.02597
8672,188.42719
8673,305.03912
8674,62.559628
8675,243.5888
8676,252.80101
8677,205.87706
8678,252.12057
8679,180.15149
8680,130.70753
8681,245.2117
8682,236.07547
8683,100.77239
8684,64.28759
8685,71.97669
8686,278.20456
8687,65.06783
8688,75.55569
8689,408.6168
8690,139.04524
8691,197.6859
8692,244.69391
8693,615.4495
8694,212.95793
8695,181.7031
8696,390.32864
8697,226.37994
8698,274.0222
8699,590.9219
8700,208.72429
8701,156.49623
8702,225.25783
8703,453.2443
8704,146.8473
8705,115.010445
8706,145.53163
8707,190.04512
8708,215.23384
8709,192.27238
8710,90.72619
8711,187.16656
8712,86.48326
8713,92.09366
8714,543.4284
8715,135.21593
8716,269.95728
8717,161.4465
8718,63.45025
8719,53.740406
8720,195.27968
8721,413.8092
8722,533.2619
8723,60.292023
8724,229.43198
8725,232.6973
8726,136.89937
8727,416.35373
8728,85.95922
8729,231.04523
8730,361.9649
8731,168.53413
8732,462.8597
8733,203.05254
8734,149.49794
8735,270.00845
8736,75.252716
8737,78.69541
8738,75.70642
8739,269.5199
8740,540.8453
8741,134.13203
8742,257.20538
8743,213.15074
8744,231.25722
8745,231.48027
8746,130.58086
8747,165.34964
8748,80.93774
8749,874.4319
8750,264.06424
8751,204.04488
8752,138.48503
8753,197.152
8754,98.317184
8755,293.53256
8756,187.82811
8757,199.52312
8758,275.94394
8759,153.62425
8760,110.97344
8761,138.6991
8762,142.2999
8763,107.3781
8764,185.797
8765,197.28441
8766,170.55013
8767,101.68359
8768,161.37325
8769,195.59683
8770,303.6585
8771,329.47876
8772,103.94638
8773,57.645077
8774,164.28484
8775,155.3086
8776,171.03581
8777,235.99217
8778,290.02274
8779,177.93135
8780,211.66595
8781,432.2733
8782,234.28159
8783,151.83871
8784,201.36024
8785,136.87135
8786,457.3323
8787,246.04703
8788,195.32143
8789,59.457787
8790,81.551834
8791,263.7568
8792,180.3252
8793,448.5696
8794,103.882744
8795,146.01314
8796,175.26239
8797,235.6148
8798,177.16603
8799,390.96585
8800,157.12479
8801,211.4758
8802,438.5804
8803,318.21118
8804,71.45365
8805,203.12785
8806,170.28203
8807,208.42479
8808,142.26471
8809,83.36805
8810,849.0418
8811,141.82121
8812,224.40529
8813,156.31752
8814,121.52479
8815,114.91987
8816,125.39877
8817,119.80187
8818,132.79291
8819,63.053795
8820,489.33362
8821,201.22897
8822,184.77432
8823,257.0941
8824,133.57504
8825,422.73853
8826,388.57892
8827,399.56232
8828,181.22708
8829,91.92061
8830,89.42441
8831,142.61223
8832,255.46198
8833,80.39645
8834,363.05988
8835,202.6974
8836,358.01108
8837,208.36807
8838,320.65082
8839,177.75005
8840,257.8559
8841,85.512794
8842,218.2044
8843,149.14285
8844,154.87845
8845,307.00894
8846,143.38545
8847,293.63058
8848,224.19
8849,155.00665
8850,112.184006
8851,370.8028
8852,200.0032
8853,156.68115
8854,268.462
8855,195.47229
8856,504.48615
8857,212.80547
8858,151.05392
8859,58.569824
8860,227.88745
8861,87.72129
8862,206.06744
8863,212.38095
8864,104.36853
8865,124.466515
8866,147.50186
8867,344.47314
8868,75.08684
8869,184.22441
8870,255.69858
8871,190.6973
8872,74.456474
8873,191.45667
8874,334.0405
8875,204.404
8876,276.84537
8877,182.93825
8878,119.97423
8879,194.40158
8880,243.97937
8881,198.27092
8882,215.67259
8883,183.44855
8884,255.90652
8885,218.84346
8886,289.5402
8887,86.433174
8888,169.25214
8889,147.51736
8890,291.2661
8891,143.17741
8892,63.2743
8893,325.751
8894,273.02472
8895,186.98058
8896,315.87512
8897,121.19368
8898,124.22236
8899,85.76828
8900,194.53189
8901,187.11848
8902,218.53871
8903,183.31622
8904,268.25858
8905,173.16559
8906,103.93722
8907,303.25146
8908,127.72649
8909,202.31557
8910,169.5731
8911,235.8941
8912,164.72095
8913,130.37534
8914,219.71516
8915,696.7821
8916,343.48895
8917,150.47058
8918,82.75609
8919,478.74466
8920,126.882805
8921,476.0208
8922,104.883125
8923,498.09082
8924,86.00423
8925,67.849014
8926,261.46106
8927,83.51199
8928,497.01962
8929,161.91612
8930,279.5059
8931,224.74799
8932,52.058205
8933,195.34267
8934,127.73839
8935,263.84076
8936,511.91492
8937,180.21474
8938,207.01788
8939,260.25125
8940,193.48698
8941,172.41298
8942,51.8156
8943,233.044
8944,207.56783
8945,326.5633
8946,188.96594
8947,107.93242
8948,715.0852
8949,309.08884
8950,224.22823
8951,262.005
8952,221.0046
8953,382.13034
8954,305.44287
8955,158.20448
8956,179.5123
8957,518.16565
8958,211.17722
8959,587.64813
8960,762.7451
8961,127.19821
8962,817.0738
8963,435.84726
8964,184.93623
8965,221.54916
8966,172.738
8967,155.86418
8968,527.647
8969,70.16827
8970,156.97014
8971,145.05058
8972,125.9508
8973,178.12222
8974,260.8248
8975,391.79657
8976,205.903
8977,282.27728
8978,226.72652
8979,548.54785
8980,165.15051
8981,166.62149
8982,475.27008
8983,170.7302
8984,224.59776
8985,178.6261
8986,244.69133
8987,96.13509
8988,456.7114
8989,273.5348
8990,145.30919
8991,218.65076
8992,95.633705
8993,496.37363
8994,125.74805
8995,53.554
8996,1221.8846
8997,134.46048
8998,492.43173
8999,181.90924
9000,142.0754
9001,74.30687
9002,137.89029
9003,294.1541
9004,86.834496
9005,77.75754
9006,132.49696
9007,79.48333
9008,164.40279
9009,70.76682
9010,94.55918
9011,164.08376
9012,274.73285
9013,260.69812
9014,218.24109
9015,46.1278
9016,183.63527
9017,147.38174
9018,73.10732
9019,242.91458
9020,95.754
9021,84.36605
9022,182.32951
9023,57.855717
9024,185.91772
9025,191.77142
9026,56.485584
9027,142.79655
9028,224.76909
9029,127.34085
9030,1118.2241
9031,124.57951
9032,190.57832
9033,196.90506
9034,212.99731
9035,204.82855
9036,118.607834
9037,166.83359
9038,139.95195
9039,186.73827
9040,94.000046
9041,205.11081
9042,153.35742
9043,160.40799
9044,296.682
9045,215.30397
9046,322.49045
9047,71.40368
9048,175.45699
9049,64.43745
9050,141.23505
9051,247.30634
9052,118.63509
9053,113.34728
9054,80.22523
9055,116.95214
9056,254.27922
9057,158.8116
9058,240.04507
9059,39.060234
9060,220.9234
9061,69.93152
9062,196.42935
9063,212.35887
9064,158.66512
9065,168.80183
9066,506.08093
9067,179.65617
9068,73.3752
9069,376.9185
9070,65.44876
9071,63.073044
9072,268.3161
9073,103.860794
9074,210.77332
9075,268.36285
9076,184.66655
9077,399.3733
9078,206.70457
9079,314.8517
9080,154.25674
9081,203.10889
9082,206.12827
9083,77.75349
9084,218.00548
9085,104.98339
9086,96.52657
9087,301.03738
9088,245.52571
9089,315.33722
9090,170.68802
9091,136.65497
9092,180.243
9093,254.98328
9094,187.10234
9095,735.8621
9096,278.15155
9097,62.71323
9098,243.55464
9099,171.36476
9100,204.56088
9101,167.41826
9102,104.75864
9103,101.60724
9104,207.3867
9105,205.60094
9106,314.54733
9107,56.35993
9108,182.4948
9109,352.71152
9110,214.06323
9111,191.78328
9112,97.28553
9113,219.70737
9114,123.28052
9115,144.46606
9116,60.805416
9117,186.16566
9118,320.1947
9119,58.168087
9120,273.2961
9121,174.15076
9122,211.04695
9123,249.33952
9124,154.95703
9125,72.60734
9126,287.73456
9127,318.48346
9128,177.20358
9129,43.78506
9130,80.60945
9131,220.94827
9132,165.54529
9133,60.090633
9134,220.37086
9135,90.2565
9136,249.14813
9137,157.2531
9138,184.23996
9139,81.405495
9140,72.677704
9141,153.22412
9142,158.07101
9143,55.48931
9144,417.4214
9145,258.24377
9146,91.72966
9147,154.34302
9148,383.67334
9149,821.95465
9150,100.32308
9151,112.98685
9152,155.10718
9153,151.10216
9154,378.99783
9155,182.29515
9156,168.9218
9157,81.38687
9158,242.1354
9159,94.79112
9160,183.11981
9161,160.67374
9162,211.15729
9163,184.54291
9164,150.19911
9165,168.23883
9166,222.53134
9167,155.93758
9168,94.499054
9169,74.82436
9170,90.62245
9171,294.90817
9172,112.95918
9173,145.44899
9174,977.09265
9175,781.6745
9176,79.93619
9177,66.50931
9178,265.83572
9179,62.999664
9180,174.9141
9181,59.55401
9182,65.83068
9183,209.98029
9184,353.8447
9185,91.04639
9186,149.2545
9187,87.73525
9188,203.02228
9189,183.05072
9190,54.15798
9191,93.545784
9192,212.10762
9193,229.45538
9194,123.27915
9195,247.55345
9196,187.95474
9197,136.48048
9198,127.79494
9199,269.93866
9200,153.34897
9201,173.9163
9202,171.93791
9203,215.64015
9204,199.92023
9205,261.2555
9206,148.84166
9207,368.82068
9208,310.13776
9209,72.99514
9210,194.28598
9211,184.942
9212,151.16003
9213,236.37704
9214,212.22594
9215,178.19176
9216,107.9385
9217,114.82942
9218,200.77875
9219,254.60382
9220,164.13635
9221,388.60733
9222,513.62
9223,56.63503
9224,87.867195
9225,159.00198
9226,189.16524
9227,133.60316
9228,193.39464
9229,156.14905
9230,321.4234
9231,477.21942
9232,145.40646
9233,136.31767
9234,249.19405
9235,66.37241
9236,176.53558
9237,233.26173
9238,148.52747
9239,76.11471
9240,80.10397
9241,269.84656
9242,74.52609
9243,174.59053
9244,269.0017
9245,174.30617
9246,193.26714
9247,253.61157
9248,248.03842
9249,72.373985
9250,74.340454
9251,140.49648
9252,372.03558
9253,199.25165
9254,131.263
9255,500.6971
9256,112.08647
9257,85.14117
9258,62.592762
9259,208.6238
9260,669.2852
9261,83.2417
9262,217.03487
9263,70.16569
9264,298.47864
9265,141.42181
9266,79.27831
9267,177.43428
9268,86.71651
9269,179.43037
9270,195.96269
9271,167.4332
9272,64.73827
9273,138.4867
9274,125.80209
9275,131.15135
9276,70.895226
9277,66.57562
9278,110.3293
9279,310.73804
9280,124.47758
9281,70.2865
9282,244.55852
9283,164.34184
9284,69.4181
9285,168.39821
9286,82.64446
9287,215.53513
9288,131.20265
9289,71.28515
9290,168.99207
9291,267.4609
9292,339.55234
9293,189.14111
9294,734.819
9295,87.25222
9296,301.07367
9297,218.92073
9298,130.27383
9299,145.06026
9300,150.36128
9301,285.67523
9302,211.19989
9303,238.356
9304,77.96978
9305,147.69664
9306,68.97146
9307,585.06946
9308,739.632
9309,201.8608
9310,147.99162
9311,158.82158
9312,232.92775
9313,54.20179
9314,277.99255
9315,143.88658
9316,432.2768
9317,81.88394
9318,121.999115
9319,160.91275
9320,218.09384
9321,65.89072
9322,367.2661
9323,94.4269
9324,170.18993
9325,164.46455
9326,200.92746
9327,59.327164
9328,340.1423
9329,78.428894
9330,134.32271
9331,398.62085
9332,154.95421
9333,82.39833
9334,71.20388
9335,395.17078
9336,63.340317
9337,102.299385
9338,175.90636
9339,175.25533
9340,69.153496
9341,212.01985
9342,373.5831
9343,192.91748
9344,246.98106
9345,167.06488
9346,180.98482
9347,208.2477
9348,154.36777
9349,148.30405
9350,164.44467
9351,238.65933
9352,84.150665
9353,80.85647
9354,165.70372
9355,196.9903
9356,253.67009
9357,219.94418
9358,388.61774
9359,206.35497
9360,222.00616
9361,60.405674
9362,92.120384
9363,176.50487
9364,223.56346
9365,170.92142
9366,91.7799
9367,944.5958
9368,164.53133
9369,301.73654
9370,286.36926
9371,87.87571
9372,123.62821
9373,146.55974
9374,830.621
9375,1106.1785
9376,170.25793
9377,43.52812
9378,214.03853
9379,231.41885
9380,386.67963
9381,298.34186
9382,163.90083
9383,341.16492
9384,56.75732
9385,144.40012
9386,524.49884
9387,187.52455
9388,200.19298
9389,243.35391
9390,216.85861
9391,275.9636
9392,302.2101
9393,113.94469
9394,182.95657
9395,248.12727
9396,56.197258
9397,404.98615
9398,565.29474
9399,171.11385
9400,214.80441
9401,173.11859
9402,95.7947
9403,81.91422
9404,414.93817
9405,258.90683
9406,346.7926
9407,116.25906
9408,467.60278
9409,88.46708
9410,121.94066
9411,152.3247
9412,184.47267
9413,285.51303
9414,64.41841
9415,199.80557
9416,611.30505
9417,51.6243
9418,134.37144
9419,257.06174
9420,56.90698
9421,168.65971
9422,190.72208
9423,348.907
9424,59.156994
9425,98.455894
9426,301.35916
9427,157.3794
9428,167.41505
9429,198.40248
9430,158.42479
9431,337.97418
9432,162.07779
9433,179.60579
9434,207.92587
9435,59.35818
9436,112.06522
9437,100.58708
9438,156.299
9439,149.81273
9440,247.18607
9441,255.41354
9442,118.805504
9443,66.467606
9444,176.59756
9445,177.11566
9446,225.81879
9447,296.83606
9448,223.99799
9449,239.01523
9450,85.04892
9451,83.319786
9452,227.4806
9453,58.865513
9454,123.76116
9455,56.208523
9456,52.09607
9457,181.90541
9458,81.58656
9459,205.66281
9460,377.08395
9461,153.65729
9462,76.81698
9463,162.1898
9464,337.2005
9465,151.80002
9466,57.250217
9467,68.852646
9468,229.64941
9469,244.20082
9470,161.09969
9471,193.68787
9472,73.34801
9473,192.3774
9474,145.81943
9475,74.200294
9476,659.0806
9477,187.77634
9478,70.59206
9479,228.27632
9480,193.86118
9481,252.14905
9482,95.99152
9483,289.06195
9484,242.18445
9485,96.278694
9486,105.06787
9487,200.59142
9488,452.37592
9489,168.71846
9490,314.25723
9491,551.45056
9492,78.7376
9493,215.45213
9494,165.02008
9495,137.24449
9496,49.508446
9497,164.65323
9498,116.204056
9499,52.160984
9500,255.7648
9501,77.03789
9502,92.5752
9503,200.16362
9504,265.8487
9505,101.18421
9506,190.97337
9507,155.75203
9508,148.66722
9509,125.52125
9510,281.39996
9511,62.21114
9512,211.99152
9513,75.40959
9514,332.9812
9515,528.65173
9516,67.60445
9517,121.274284
9518,71.78382
9519,153.42972
9520,183.07275
9521,88.559746
9522,60.675438
9523,215.06409
9524,99.80676
9525,183.75116
9526,141.54016
9527,162.70349
9528,52.306675
9529,80.14734
9530,261.8487
9531,392.08832
9532,56.009865
9533,460.1051
9534,91.510956
9535,67.50847
9536,321.5275
9537,260.94232
9538,71.46599
9539,79.75396
9540,209.99396
9541,155.82732
9542,301.17538
9543,205.89265
9544,150.02719
9545,150.08293
9546,99.65776
9547,52.241325
9548,113.29757
9549,73.33475
9550,227.00185
9551,141.71236
9552,130.32599
9553,179.21214
9554,155.56812
9555,75.15268
9556,111.73173
9557,292.89996
9558,70.42158
9559,91.12024
9560,218.62918
9561,154.94269
9562,131.98691
9563,222.05667
9564,362.46286
9565,176.32306
9566,149.65059
9567,57.090614
9568,633.76306
9569,44.260025
9570,139.67458
9571,171.92917
9572,147.36087
9573,123.869965
9574,162.39864
9575,206.78561
9576,223.02988
9577,168.58022
9578,187.27724
9579,254.63625
9580,66.69669
9581,272.55942
9582,252.79436
9583,404.3372
9584,51.255135
9585,272.05573
9586,71.6891
9587,90.32946
9588,48.617466
9589,222.92691
9590,638.6437
9591,136.1527
9592,51.938873
9593,339.8389
9594,169.25262
9595,76.72734
9596,162.76494
9597,77.10411
9598,78.26022
9599,168.552
9600,255.15167
9601,51.163654
9602,175.83493
9603,815.73615
9604,324.33917
9605,333.52646
9606,238.71854
9607,64.59865
9608,93.95149
9609,65.8362
9610,55.064034
9611,146.74786
9612,76.995514
9613,49.126583
9614,271.52682
9615,186.38562
9616,105.26855
9617,62.65784
9618,107.84493
9619,271.40378
9620,496.91776
9621,1383.4939
9622,216.43922
9623,235.65892
9624,220.16808
9625,145.02892
9626,64.95914
9627,298.98273
9628,1007.79614
9629,78.55273
9630,200.53539
9631,68.366806
9632,270.41776
9633,175.6731
9634,128.83505
9635,209.46643
9636,227.50414
9637,59.28765
9638,240.07104
9639,47.110104
9640,176.25754
9641,158.56374
9642,87.51824
9643,155.61575
9644,148.40047
9645,249.9225
9646,187.51628
9647,164.39056
9648,332.2574
9649,71.74208
9650,124.69568
9651,88.65298
9652,260.15112
9653,158.62584
9654,167.62872
9655,236.26886
9656,124.43116
9657,105.69816
9658,251.52357
9659,285.82043
9660,185.58673
9661,292.3528
9662,93.60436
9663,234.96616
9664,122.430016
9665,124.9099
9666,152.36266
9667,178.6338
9668,310.35104
9669,126.50237
9670,147.74239
9671,168.35799
9672,168.14452
9673,187.18434
9674,694.75806
9675,242.56067
9676,670.8429
9677,201.74138
9678,200.87932
9679,56.21324
9680,287.40555
9681,227.60114
9682,121.09234
9683,157.2617
9684,196.33815
9685,189.18074
9686,167.57848
9687,132.26476
9688,273.3122
9689,178.76276
9690,213.1488
9691,210.59113
9692,107.77883
9693,94.01599
9694,167.74278
9695,105.715866
9696,239.87341
9697,224.0539
9698,77.83686
9699,299.92957
9700,490.3522
9701,161.67874
9702,190.55338
9703,169.35445
9704,152.50342
9705,87.00181
9706,64.094055
9707,148.76352
9708,76.0203
9709,114.98052
9710,249.88768
9711,181.99753
9712,1009.7925
9713,54.064636
9714,253.30908
9715,83.50716
9716,100.13247
9717,151.06053
9718,231.39359
9719,819.36096
9720,124.500916
9721,141.99785
9722,122.61466
9723,215.66982
9724,127.25453
9725,74.87406
9726,271.81924
9727,226.68112
9728,507.93402
9729,96.12143
9730,57.307796
9731,247.93633
9732,792.83765
9733,155.59416
9734,685.54877
9735,117.65452
9736,101.085785
9737,362.41815
9738,155.07793
9739,130.08243
9740,135.39792
9741,65.27137
9742,95.95841
9743,252.38757
9744,185.78265
9745,204.27379
9746,199.09425
9747,160.45934
9748,267.25104
9749,478.1409
9750,60.20572
9751,109.59
9752,57.56144
9753,161.3926
9754,88.512695
9755,139.33717
9756,178.84859
9757,257.39383
9758,103.76698
9759,133.17241
9760,186.26717
9761,195.2851
9762,777.3357
9763,210.21794
9764,95.85056
9765,142.47458
9766,161.2583
9767,359.8654
9768,342.54816
9769,201.42143
9770,221.26622
9771,150.41939
9772,92.93849
9773,613.74725
9774,69.48811
9775,70.63813
9776,80.45515
9777,70.21637
9778,237.73012
9779,1065.0901
9780,289.15573
9781,145.88966
9782,51.84116
9783,58.628853
9784,211.7683
9785,469.174
9786,66.596085
9787,206.05194
9788,162.91821
9789,70.2865
9790,194.99461
9791,154.76967
9792,88.31993
9793,130.37766
9794,55.832195
9795,312.91782
9796,50.552143
9797,81.882835
9798,57.076015
9799,290.3836
9800,189.02998
9801,145.65968
9802,174.9453
9803,285.40646
9804,268.04013
9805,338.54346
9806,212.54636
9807,181.70988
9808,65.6784
9809,215.97646
9810,230.53073
9811,173.04736
9812,72.40814
9813,183.7435
9814,154.67055
9815,378.25238
9816,71.1451
9817,149.03378
9818,114.306786
9819,257.80505
9820,186.5002
9821,93.804146
9822,148.61905
9823,167.58354
9824,116.53392
9825,152.59305
9826,226.57791
9827,102.12226
9828,78.44412
9829,212.7662
9830,157.64424
9831,197.99149
9832,95.71742
9833,382.5846
9834,57.9784
9835,199.03139
9836,356.5134
9837,772.12494
9838,101.11967
9839,56.929764
9840,72.71345
9841,133.45837
9842,148.62982
9843,244.74149
9844,175.72424
9845,51.823437
9846,91.6384
9847,155.80241
9848,250.14166
9849,185.73038
9850,142.04742
9851,108.010155
9852,162.70209
9853,239.89214
9854,220.94246
9855,126.9097
9856,154.26608
9857,246.76158
9858,68.74704
9859,285.14697
9860,197.89386
9861,142.39503
9862,59.595253
9863,226.65193
9864,157.03148
9865,166.11064
9866,249.40424
9867,398.0551
9868,95.55416
9869,314.57455
9870,67.882416
9871,265.97418
9872,63.842567
9873,221.67188
9874,179.1545
9875,225.03667
9876,130.85193
9877,239.75629
9878,280.0591
9879,202.01099
9880,60.633194
9881,47.191856
9882,144.536
9883,242.48741
9884,161.41289
9885,181.91283
9886,324.32553
9887,199.92339
9888,207.93085
9889,159.18062
9890,193.171
9891,91.1938
9892,198.03085
9893,188.10266
9894,97.38484
9895,66.86518
9896,95.846596
9897,294.72775
9898,143.18985
9899,267.1702
9900,241.88916
9901,237.76335
9902,250.45586
9903,74.50488
9904,146.31262
9905,207.48172
9906,363.7659
9907,200.93497
9908,435.3237
9909,67.73368
9910,261.5363
9911,186.24985
9912,86.86877
9913,124.31697
9914,188.74387
9915,101.00389
9916,85.51284
9917,117.52835
9918,234.59457
9919,361.97772
9920,60.105057
9921,130.34328
9922,118.08365
9923,164.4655
9924,84.21895
9925,187.81253
9926,170.87265
9927,212.3959
9928,176.48134
9929,139.73148
9930,701.45856
9931,47.104565
9932,300.4703
9933,221.77956
9934,75.477356
9935,314.83575
9936,130.76526
9937,216.72714
9938,160.96548
9939,58.38811
9940,323.72867
9941,563.37994
9942,237.70723
9943,48.80387
9944,360.26086
9945,264.70203
9946,119.05243
9947,399.89194
9948,175.6924
9949,115.96042
9950,558.63367
9951,84.856415
9952,145.80179
9953,246.9093
9954,228.47943
9955,196.56516
9956,205.6774
9957,56.80358
9958,241.73401
9959,157.61119
9960,173.32037
9961,189.95686
9962,283.15475
9963,97.85194
9964,98.36976
9965,67.34555
9966,351.7126
9967,102.30141
9968,507.4928
9969,55.445503
9970,128.86787
9971,231.56474
9972,52.937904
9973,70.78215
9974,481.0929
9975,208.53955
9976,60.331432
9977,369.60925
9978,182.88615
9979,50.748325
9980,330.15216
9981,225.5827
9982,182.19589
9983,186.72179
9984,231.25612
9985,138.89828
9986,136.43237
9987,204.8956
9988,158.17519
9989,153.30702
9990,198.4795
9991,87.83745
9992,105.69511
9993,246.7207
9994,304.17642
9995,84.97862
9996,179.0079
9997,494.73752
9998,118.611084
9999,168.50519
